Title,Price,Date
"Iberia Maduritos Naturally Sweet Plantain Chips, 20 Oz.",6.50,2022-04-17
"Iberia Maduritos Naturally Sweet Plantain Chips, 20 Oz.",6.50,2022-04-17
"Iberia Maduritos Naturally Sweet Plantain Chips, 20 Oz.",6.50,2022-04-17
"Iberia Maduritos Naturally Sweet Plantain Chips, 20 Oz.",6.50,2022-04-17
"Iberia Maduritos Naturally Sweet Plantain Chips, 20 Oz.",6.50,2022-04-17
"Iberia Maduritos Naturally Sweet Plantain Chips, 20 Oz.",6.50,2022-04-17
"Iberia Maduritos Naturally Sweet Plantain Chips, 20 Oz.",6.50,2022-04-17
"Iberia Maduritos Naturally Sweet Plantain Chips, 20 Oz.",6.50,2022-04-18
"Iberia Maduritos Naturally Sweet Plantain Chips, 20 Oz.",6.50,2022-04-18
"Iberia Maduritos Naturally Sweet Plantain Chips, 20 Oz.",6.50,2022-04-18
